accuracy,loss,val_accuracy,val_loss
0.4149945080280304,1.7314037084579468,0.5016722679138184,1.4426802396774292
0.5675332546234131,1.2643049955368042,0.5729514360427856,1.223117470741272
0.6594053506851196,1.0154063701629639,0.609322726726532,1.1243720054626465
0.6949977278709412,0.8770097494125366,0.6053512096405029,1.1351155042648315
0.7181026339530945,0.8012060523033142,0.6377508640289307,1.0940593481063843
0.7326087355613708,0.7251483201980591,0.6308528184890747,1.100630283355713
0.7438747882843018,0.6692811250686646,0.6302257776260376,1.1154427528381348
0.7574087977409363,0.6189329624176025,0.6195651888847351,1.1345053911209106
